Robert Sims,taylorjames@yahoo.com,R!4wMY_Vct
Alexis Fitzpatrick MD,darryllyons@green.net,@^Xmo5v414
Robert Brewer,pbrown@douglas-holmes.com,n5PQa9#e*K
Isabel Anderson,evansrebecca@young.com,R#1MkpK&^b
Emily Price,alexandria54@stephens-wilson.info,cNs!71Hxly
Laura Ford,brian26@yahoo.com,5yN&Z3t&#S
Lauren Ramirez,taylorkimberly@gmail.com,i2G65_kd^h
Adrian Gonzalez,jdickson@lewis.com,fcLDpU*1_6
Dawn Smith,westjohn@rivera.org,sV6X5WsvS)
Robert Banks,qpatton@hotmail.com,q(lXyYHwk9
Clinton Pierce,hillsharon@hotmail.com,K!k6MV+y*+
Valerie Tapia,christinerivera@mcdaniel.org,pVq4+Zogw+
Brent Chavez,dhouston@gibson-allen.com,)!3dMkmRKV
Steven Valencia,nina62@walsh.com,Zo!4MorNn&
Sarah Carter,wongnicole@cooke-jackson.com,(VxoVsYw$7
Kelly Fuller,dperez@porter.org,Ddw9bbMY+@
Jennifer Lewis,mhorton@hendricks.org,*KBoZRRs7B
John Reilly,sarah10@jenkins.com,b@S5FyMg#C
Dr. Jennifer Wilson,craig25@gmail.com,#&2xWalcwJ
Destiny Oconnor,paul64@powers.com,%2SD(s2zi5
Kathy Cummings,muellerkevin@le.com,A20NfoQue_
Nathan Gray,christopher71@gmail.com,CDAnvjh0!4
Elizabeth Thomas,owright@hotmail.com,8DwWAeQ!_P
Samantha White,brandi07@yahoo.com,a1^6XAso+*
Robert Dean,clementsvickie@gmail.com,#h0OmObU%3
Ryan Dominguez,huangrandy@martinez-smith.com,y+^dw1PxNm
Elizabeth Hudson,davidibarra@buckley.org,LPNsPZr7!0
Erin Johnson,claudia99@hotmail.com,fM!@6SFjJW
Richard Ali,frangel@whitaker.org,D$60HLn1C!
Philip Peterson,jennifer11@gmail.com,0DSmNgga)a
Kevin Morales,ubrady@ross.com,Oy8S6MqZC%
Jeremy Solomon,hatfieldnicole@hall.com,ae0Qtm$u**
Joseph Mcgee,megan46@gmail.com,%0qPGrumgu
Amber Diaz,robert96@hotmail.com,&R8B&vBe$(
Miguel Long,iconner@yahoo.com,%S#Zg5m@35
Michael Collins,ronald28@graham-mcdonald.net,#_41lQhsh_
Tammy Cuevas,gina87@anderson-carter.com,^hU2J2L(%&
Michael Lawson,rbrooks@fisher-bolton.net,Qq7SQdcY@b
Jessica Scott,michellemiller@francis-lee.info,reSkEL1r&1
Heather Burton,rileymatthew@gmail.com,XG3ZAfpsT#
Elizabeth Holmes,gkrause@yahoo.com,&6WzZTF8w6
Jacob Baker,fergusondeborah@gmail.com,*omEGGV^e7
Garrett Moreno,kiddmariah@gmail.com,&d7Qptqsq3
Joshua Lynch,fisherbrittany@nelson.com,+!Q&kJQxP8
Andrew Ford,kaufmannicholas@gmail.com,I%rX9F33br
Francisco Garcia,kellyjustin@marsh.net,GO7*Jwen$(
Elizabeth Brown,parkerlisa@collins-castro.com,TQmO_M$b+7
Kimberly Gordon,morgangomez@wheeler.info,rlO_8LgqJH
Erin Velasquez,gonzaleseric@watkins.org,G3YD6c&#!b
Claire Cruz,kristakelly@phillips-valencia.org,n*D@5GAjKc
Michael Brown,gmahoney@perez.com,v8JiX&US%C
Jacob Le,robertwright@yahoo.com,+)sOfyK38W
Benjamin Klein,welliott@williams-cline.biz,TPQfkAp_#7
Susan Perez,baldwinchristopher@smith.com,(J(4Es&o&7
Casey Farrell DVM,ygraham@davis-bennett.com,Jb#T7BgV2B
Ricardo Carter,edwardssherry@pearson.com,(3%VAttcM1
Thomas Johnson,caroline21@gmail.com,&suuQCLk13
Scott Norman,mary16@yahoo.com,w*8B)6PlaC
Erik Morales,rjoseph@calhoun.info,2!b&4dZo*&
Charles Jordan,andrew99@miller-ibarra.com,g9LfkfY0%j
Ronald Wheeler,cgrant@boone.biz,II0Sh3AaQ#
Aaron Smith,mbriggs@bates.org,T!!eV2Yk4R
Christopher Ochoa,richard47@hotmail.com,R5BGfkvr$Y
Nicholas Miranda,dixontimothy@simmons.net,mv1F0D1VP$
Gary Peterson,derrick85@hotmail.com,t)4TBMExkB
Stacy Colon,kristina08@lloyd.com,H)F8DEd4XD
Anna Walker,zpatton@yahoo.com,5vBpN)2g+4
Lori Sanchez,dpope@hotmail.com,(#7VItGmxo
Brooke Johnson,richardmendoza@miller.com,(#8r+RrqDD
Adam Green,christinamartinez@leach.com,N+y8Cv+pVZ
Mallory Bernard MD,efloyd@crawford.com,qK&k3YhkK4
Brandon Gonzales,cbowers@lee.com,N)5BLuFRLh
Joseph Santos,kingmatthew@acosta.com,+V&^^Lg&@1
Robert Humphrey,tonya76@yahoo.com,(QAq40pc42
Kerry Wood,manuel11@miller.org,DG2ZUbueW*
Samuel Barber,fhenry@gmail.com,0q4NCCYs%V
Jennifer Goodman,kristin42@fields.biz,$5L191or00
Anthony James,eduardomyers@gmail.com,0%2OQVmP6M
Kenneth Lynch,tammy51@roth.com,!y7qAUlIOc
Brent Green,claytonadkins@evans.com,6%N1%v)M&R
Thomas Green,reynoldsveronica@gmail.com,_^OLtxbDg1
Jennifer Hawkins,cfrye@carrillo.com,*t7ElAm5_j
Keith Ford,dannydelgado@gmail.com,915LxBjJ+%
Tiffany Flores,pcobb@higgins-wilson.org,wFPEfeqe$3
Jose Becker,darryl31@daniels.com,r4%7rNqE9K
Cathy Thomas,henry88@miller.biz,6_071OAaX7
Michael Hudson,lisamelton@gmail.com,&1#l^QdZNw
Melissa Wu,phillipsnicole@rubio.org,V!2g0ALlVD
Julie Simpson,wyattyesenia@yahoo.com,!z*(76ZiAc
Sarah Branch,pamelawelch@andrews.biz,qo2y3pCtF(
Ricky Rose,cunninghamjessica@hotmail.com,&oC6QCn%yU
Billy Floyd,donnaortiz@harper-figueroa.com,*_bOwoHy_9
Lori Ford,carterleah@gmail.com,A2%xLZo&%L
Patricia Park,joshuaruiz@hotmail.com,^ws24XxlK!
Misty Ray,hjones@carrillo.com,$2GWR_Fp^m
Angel Stevens,buckrandy@gmail.com,Q^7_7Nxw(B
Brian Johnson,moniquelittle@palmer.com,Te0K@aei(Z
Michael Hanson,abarker@hotmail.com,s)3B!$4n!G
Bethany Malone,ryanwarren@turner.com,B+5P5H3qEc
James Bishop,walterbarnett@yahoo.com,H_$8)sXym1
